pair,y2,b2
Gly-Ala,147.076411,129.06585
Gly-Ser,163.071331,145.06077000000002
Gly-Pro,173.092061,155.0815
Gly-Val,175.107711,157.09715
Gly-Thr,177.08698099999998,159.07642
Gly-Cys,179.048491,161.03793000000002
Gly-Ile,189.123361,171.1128
Gly-Leu,189.123361,171.1128
Gly-Asn,190.08223099999998,172.07167
Gly-Asp,191.066241,173.05568
Gly-Gln,204.09788099999997,186.08732
Gly-Lys,204.13426099999998,186.12369999999999
Gly-Glu,205.08189099999998,187.07133
Gly-Met,207.079791,189.06923
Gly-His,213.098211,195.08765
Gly-Phe,223.107711,205.09715
Gly-Arg,232.14041099999997,214.12985
Gly-Tyr,239.10263099999997,221.09207
Gly-Trp,262.118611,244.10805
Gly-Pip,188.08680099999998,170.07624
Gly-Orn,190.118601,172.10804000000002
Gly-Dha,145.060761,127.0502
Gly-Dhb,159.07640099999998,141.06584
Ala-Ser,177.08698099999998,159.07642
Ala-Pro,187.107711,169.09715000000003
Ala-Val,189.123361,171.11280000000002
Ala-Thr,191.10263099999997,173.09207
Ala-Cys,193.064141,175.05358
Ala-Ile,203.13901099999998,185.12845000000002
Ala-Leu,203.13901099999998,185.12845000000002
Ala-Asn,204.09788099999997,186.08732
Ala-Asp,205.08189099999998,187.07133000000002
Ala-Gln,218.11353099999997,200.10297
Ala-Lys,218.14991099999997,200.13935
Ala-Glu,219.09754099999998,201.08698
Ala-Met,221.095441,203.08488000000003
Ala-His,227.11386099999999,209.10330000000002
Ala-Phe,237.123361,219.11280000000002
Ala-Arg,246.15606099999997,228.1455
Ala-Tyr,253.11828099999997,235.10772
Ala-Trp,276.134261,258.1237
Ala-Pip,202.10245099999997,184.09189
Ala-Orn,204.134251,186.12369
Ala-Dha,159.076411,141.06585
Ala-Dhb,173.09205099999997,155.08149
Ser-Pro,203.10263099999997,185.09207
Ser-Val,205.11828099999997,187.10772
Ser-Thr,207.097551,189.08699000000001
Ser-Cys,209.05906099999999,191.04850000000002
Ser-Ile,219.13393099999996,201.12337
Ser-Leu,219.13393099999996,201.12337
Ser-Asn,220.092801,202.08224
Ser-Asp,221.07681099999996,203.06625
Ser-Gln,234.108451,216.09789000000004
Ser-Lys,234.14483099999995,216.13427
Ser-Glu,235.09246099999996,217.0819
Ser-Met,237.09036099999997,219.0798
Ser-His,243.10878099999996,225.09822
Ser-Phe,253.11828099999997,235.10772
Ser-Arg,262.150981,244.14042000000003
Ser-Tyr,269.113201,251.10264000000004
Ser-Trp,292.12918099999996,274.11861999999996
Ser-Pip,218.097371,200.08681
Ser-Orn,220.12917099999999,202.11861000000002
Ser-Dha,175.071331,157.06077000000002
Ser-Dhb,189.086971,171.07641
Pro-Val,215.13901099999998,197.12845000000002
Pro-Thr,217.11828099999997,199.10772
Pro-Cys,219.079791,201.06923000000003
Pro-Ile,229.15466099999998,211.1441
Pro-Leu,229.15466099999998,211.1441
Pro-Asn,230.11353099999997,212.10297
Pro-Asp,231.09754099999998,213.08698
Pro-Gln,244.12918100000002,226.11862000000002
Pro-Lys,244.16556099999997,226.155
Pro-Glu,245.11319099999997,227.10263
Pro-Met,247.111091,229.10053000000002
Pro-His,253.12951099999998,235.11895
Pro-Phe,263.139011,245.12845000000002
Pro-Arg,272.171711,254.16115000000002
Pro-Tyr,279.13393099999996,261.12336999999997
Pro-Trp,302.149911,284.13935
Pro-Pip,228.11810099999997,210.10754
Pro-Orn,230.149901,212.13934000000003
Pro-Dha,185.092061,167.08150000000003
Pro-Dhb,199.10770099999996,181.09714
Val-Thr,219.13393099999996,201.12337
Val-Cys,221.095441,203.08488000000003
Val-Ile,231.17031099999997,213.15975
Val-Leu,231.17031099999997,213.15975
Val-Asn,232.12918099999996,214.11862
Val-Asp,233.11319099999997,215.10263
Val-Gln,246.144831,228.13427000000001
Val-Lys,246.18121099999996,228.17065
Val-Glu,247.12884099999997,229.11828
Val-Met,249.12674099999998,231.11618
Val-His,255.14516099999997,237.1346
Val-Phe,265.154661,247.1441
Val-Arg,274.187361,256.1768
Val-Tyr,281.149581,263.13902
Val-Trp,304.16556099999997,286.155
Val-Pip,230.13375099999996,212.12319
Val-Orn,232.165551,214.15499000000003
Val-Dha,187.107711,169.09715000000003
Val-Dhb,201.12335099999996,183.11279
Thr-Cys,223.07471099999998,205.06415
Thr-Ile,233.14958099999996,215.13902
Thr-Leu,233.14958099999996,215.13902
Thr-Asn,234.108451,216.09789
Thr-Asp,235.09246099999996,217.0819
Thr-Gln,248.124101,230.11354000000003
Thr-Lys,248.16048099999995,230.14991999999998
Thr-Glu,249.10811099999995,231.09754999999998
Thr-Met,251.10601099999997,233.09545
Thr-His,257.12443099999996,239.11387
Thr-Phe,267.13393099999996,249.12337
Thr-Arg,276.166631,258.15607
Thr-Tyr,283.128851,265.11829
Thr-Trp,306.14483099999995,288.13426999999996
Thr-Pip,232.113021,214.10246
Thr-Orn,234.14482099999998,216.13426
Thr-Dha,189.08698099999998,171.07642
Thr-Dhb,203.102621,185.09206
Cys-Ile,235.111091,217.10053000000002
Cys-Leu,235.111091,217.10053000000002
Cys-Asn,236.06996099999998,218.0594
Cys-Asp,237.053971,219.04341000000002
Cys-Gln,250.08561099999997,232.07505
Cys-Lys,250.12199099999998,232.11143
Cys-Glu,251.06962099999998,233.05906000000002
Cys-Met,253.067521,235.05696000000003
Cys-His,259.085941,241.07538000000002
Cys-Phe,269.095441,251.08488000000003
Cys-Arg,278.12814099999997,260.11758
Cys-Tyr,285.090361,267.0798
Cys-Trp,308.106341,290.09578
Cys-Pip,234.07453099999998,216.06397
Cys-Orn,236.106331,218.09577000000002
Cys-Dha,191.048491,173.03793000000002
Cys-Dhb,205.06413099999997,187.05357
Ile-Leu,245.18596099999996,227.1754
Ile-Asn,246.14483099999995,228.13427
Ile-Asp,247.12884099999997,229.11828
Ile-Gln,260.160481,242.14992
Ile-Lys,260.19686099999996,242.1863
Ile-Glu,261.14449099999996,243.13393
Ile-Met,263.142391,245.13183
Ile-His,269.16081099999997,251.15025
Ile-Phe,279.17031099999997,261.15975
Ile-Arg,288.20301099999995,270.19244999999995
Ile-Tyr,295.16523099999995,277.15466999999995
Ile-Trp,318.18121099999996,300.17064999999997
Ile-Pip,244.14940099999995,226.13884
Ile-Orn,246.181201,228.17064000000002
Ile-Dha,201.123361,183.11280000000002
Ile-Dhb,215.13900099999995,197.12843999999998
Leu-Asn,246.14483099999995,228.13427
Leu-Asp,247.12884099999997,229.11828
Leu-Gln,260.160481,242.14992
Leu-Lys,260.19686099999996,242.1863
Leu-Glu,261.14449099999996,243.13393
Leu-Met,263.142391,245.13183
Leu-His,269.16081099999997,251.15025
Leu-Phe,279.17031099999997,261.15975
Leu-Arg,288.20301099999995,270.19244999999995
Leu-Tyr,295.16523099999995,277.15466999999995
Leu-Trp,318.18121099999996,300.17064999999997
Leu-Pip,244.14940099999995,226.13884
Leu-Orn,246.181201,228.17064000000002
Leu-Dha,201.123361,183.11280000000002
Leu-Dhb,215.13900099999995,197.12843999999998
Asn-Asp,248.08771099999996,230.07715
Asn-Gln,261.119351,243.10879000000003
Asn-Lys,261.15573099999995,243.14516999999998
Asn-Glu,262.10336099999995,244.09279999999998
Asn-Met,264.10126099999997,246.0907
Asn-His,270.11968099999996,252.10912
Asn-Phe,280.12918099999996,262.11861999999996
Asn-Arg,289.161881,271.15132
Asn-Tyr,296.124101,278.11354
Asn-Trp,319.14008099999995,301.12951999999996
Asn-Pip,245.108271,227.09771
Asn-Orn,247.14007099999998,229.12951
Asn-Dha,202.08223099999998,184.07167
Asn-Dhb,216.097871,198.08731
Asp-Gln,262.103361,244.0928
Asp-Lys,262.13974099999996,244.12918
Asp-Glu,263.08737099999996,245.07681
Asp-Met,265.085271,247.07471
Asp-His,271.10369099999997,253.09313
Asp-Phe,281.113191,263.10263
Asp-Arg,290.145891,272.13533
Asp-Tyr,297.108111,279.09755
Asp-Trp,320.12409099999996,302.11352999999997
Asp-Pip,246.09228099999996,228.08172
Asp-Orn,248.124081,230.11352000000002
Asp-Dha,203.066241,185.05568000000002
Asp-Dhb,217.08188099999995,199.07132
Gln-Lys,275.171381,257.16082
Gln-Glu,276.119011,258.10845
Gln-Met,278.11691099999996,260.10634999999996
Gln-His,284.13533099999995,266.12476999999996
Gln-Phe,294.14483099999995,276.13426999999996
Gln-Arg,303.177531,285.16697
Gln-Tyr,310.139751,292.12919
Gln-Trp,333.15573099999995,315.14516999999995
Gln-Pip,259.123921,241.11336000000003
Gln-Orn,261.15572099999997,243.14516
Gln-Dha,216.09788099999997,198.08732
Gln-Dhb,230.113521,212.10296000000002
Lys-Glu,276.15539099999995,258.14482999999996
Lys-Met,278.15329099999997,260.14273
Lys-His,284.17171099999996,266.16114999999996
Lys-Phe,294.18121099999996,276.17064999999997
Lys-Arg,303.21391099999994,285.20334999999994
Lys-Tyr,310.17613099999994,292.16556999999995
Lys-Trp,333.19211099999995,315.18154999999996
Lys-Pip,259.16030099999995,241.14973999999998
Lys-Orn,261.192101,243.18154
Lys-Dha,216.13426099999998,198.1237
Lys-Dhb,230.14990099999994,212.13933999999998
Glu-Met,279.10092099999997,261.09036
Glu-His,285.11934099999996,267.10877999999997
Glu-Phe,295.12884099999997,277.11827999999997
Glu-Arg,304.16154099999994,286.15097999999995
Glu-Tyr,311.12376099999994,293.11319999999995
Glu-Trp,334.13974099999996,316.12917999999996
Glu-Pip,260.10793099999995,242.09736999999998
Glu-Orn,262.139731,244.12917000000002
Glu-Dha,217.08189099999998,199.07133000000002
Glu-Dhb,231.09753099999995,213.08696999999998
Met-His,287.117241,269.10668
Met-Phe,297.126741,279.11618
Met-Arg,306.159441,288.14888
Met-Tyr,313.121661,295.1111
Met-Trp,336.137641,318.12708
Met-Pip,262.10583099999997,244.09527
Met-Orn,264.137631,246.12707000000003
Met-Dha,219.079791,201.06923000000003
Met-Dhb,233.09543099999996,215.08487
His-Phe,303.145161,285.1346
His-Arg,312.177861,294.1673
His-Tyr,319.140081,301.12952
His-Trp,342.15606099999997,324.14549999999997
His-Pip,268.12425099999996,250.11369
His-Orn,270.156051,252.14549000000002
His-Dha,225.098211,207.08765000000002
His-Dhb,239.11385099999995,221.10329
Phe-Arg,322.187361,304.1768
Phe-Tyr,329.149581,311.13902
Phe-Trp,352.16556099999997,334.155
Phe-Pip,278.13375099999996,260.12318999999997
Phe-Orn,280.165551,262.15499
Phe-Dha,235.107711,217.09715000000003
Phe-Dhb,249.12335099999996,231.11279
Arg-Tyr,338.182281,320.17172
Arg-Trp,361.198261,343.1877
Arg-Pip,287.166451,269.15589
Arg-Orn,289.19825099999997,271.18769
Arg-Dha,244.14041099999997,226.12985
Arg-Dhb,258.156051,240.14549000000002
Tyr-Trp,368.160481,350.14992
Tyr-Pip,294.128671,276.11811
Tyr-Orn,296.160471,278.14991
Tyr-Dha,251.10263099999997,233.09207
Tyr-Dhb,265.118271,247.10771000000003
Trp-Pip,317.14465099999995,299.13408999999996
Trp-Orn,319.176451,301.16589
Trp-Dha,274.118611,256.10805
Trp-Dhb,288.13425099999995,270.12368999999995
Pip-Orn,245.14464099999998,227.13408
Pip-Dha,200.08680099999998,182.07624
Pip-Dhb,214.102441,196.09188
Orn-Dha,202.118601,184.10804000000002
Orn-Dhb,216.13424099999997,198.12368
Dha-Dhb,171.07640099999998,153.06584
Gly-Gly,133.060761,115.05019999999999
Ala-Ala,161.092061,143.0815
Ser-Ser,193.08190100000002,175.07134000000002
Pro-Pro,213.123361,195.11280000000002
Val-Val,217.15466099999998,199.1441
Thr-Thr,221.113201,203.10264
Cys-Cys,225.036221,207.02566000000002
Ile-Ile,245.18596099999996,227.1754
Leu-Leu,245.18596099999996,227.1754
Asn-Asn,247.103701,229.09314
Asp-Asp,249.07172099999997,231.06116
Gln-Gln,275.135001,257.12444
Lys-Lys,275.20776099999995,257.19719999999995
Glu-Glu,277.10302099999996,259.09245999999996
Met-Met,281.098821,263.08826
His-His,293.13566099999997,275.1251
Phe-Phe,313.154661,295.1441
Arg-Arg,331.220061,313.2095
Tyr-Tyr,345.144501,327.13394
Trp-Trp,391.17646099999996,373.16589999999997
Pip-Pip,243.112841,225.10228
Orn-Orn,247.176441,229.16588000000002
Dha-Dha,157.060761,139.05020000000002
Dhb-Dhb,185.092041,167.08148
