mibig_id,nr_cds
BGC0000001,28
BGC0000002,34
BGC0000003,6
BGC0000004,23
BGC0000006,23
BGC0000007,25
BGC0000008,23
BGC0000009,25
BGC0000010,22
BGC0000011,26
BGC0000012,5
BGC0000013,2
BGC0000014,34
BGC0000016,3
BGC0000017,15
BGC0000018,5
BGC0000019,13
BGC0000020,41
BGC0000021,39
BGC0000022,11
BGC0000023,14
BGC0000024,9
BGC0000025,9
BGC0000026,40
BGC0000027,24
BGC0000028,18
BGC0000029,28
BGC0000030,7
BGC0000031,43
BGC0000032,29
BGC0000033,74
BGC0000034,21
BGC0000035,41
BGC0000036,43
BGC0000037,1
BGC0000038,24
BGC0000039,9
BGC0000040,28
BGC0000041,2
BGC0000042,40
BGC0000043,4
BGC0000044,9
BGC0000045,8
BGC0000046,6
BGC0000047,31
BGC0000048,20
BGC0000050,8
BGC0000051,10
BGC0000052,28
BGC0000053,24
BGC0000054,31
BGC0000055,23
BGC0000056,3
BGC0000057,10
BGC0000058,8
BGC0000059,13
BGC0000060,21
BGC0000062,16
BGC0000063,17
BGC0000064,1
BGC0000065,30
BGC0000066,23
BGC0000067,4
BGC0000068,13
BGC0000069,21
BGC0000070,21
BGC0000072,7
BGC0000073,9
BGC0000074,30
BGC0000075,31
BGC0000076,9
BGC0000077,10
BGC0000078,75
BGC0000079,23
BGC0000080,21
BGC0000081,115
BGC0000082,43
BGC0000083,9
BGC0000084,32
BGC0000085,30
BGC0000086,24
BGC0000087,53
BGC0000088,17
BGC0000090,23
BGC0000091,22
BGC0000092,19
BGC0000093,92
BGC0000094,7
BGC0000096,85
BGC0000097,24
BGC0000098,9
BGC0000099,1
BGC0000100,34
BGC0000102,21
BGC0000103,9
BGC0000104,8
BGC0000105,33
BGC0000106,32
BGC0000107,1
BGC0000108,22
BGC0000109,12
BGC0000110,11
BGC0000111,14
BGC0000112,46
BGC0000113,7
BGC0000114,18
BGC0000115,22
BGC0000116,23
BGC0000117,18
BGC0000118,28
BGC0000119,53
BGC0000120,15
BGC0000121,16
BGC0000122,9
BGC0000123,28
BGC0000124,12
BGC0000125,17
BGC0000126,8
BGC0000127,18
BGC0000128,20
BGC0000129,9
BGC0000130,35
BGC0000131,6
BGC0000132,11
BGC0000133,36
BGC0000134,5
BGC0000135,33
BGC0000136,64
BGC0000137,39
BGC0000138,11
BGC0000140,11
BGC0000141,58
BGC0000142,25
BGC0000143,8
BGC0000144,49
BGC0000145,21
BGC0000146,6
BGC0000147,13
BGC0000148,23
BGC0000149,13
BGC0000150,47
BGC0000151,25
BGC0000152,17
BGC0000153,20
BGC0000154,14
BGC0000156,5
BGC0000157,14
BGC0000158,21
BGC0000159,29
BGC0000160,9
BGC0000161,11
BGC0000162,45
BGC0000163,52
BGC0000164,33
BGC0000165,31
BGC0000166,7
BGC0000167,20
BGC0000168,22
BGC0000170,10
BGC0000171,31
BGC0000172,22
BGC0000173,14
BGC0000174,5
BGC0000175,18
BGC0000176,15
BGC0000177,11
BGC0000178,20
BGC0000179,16
BGC0000180,8
BGC0000181,10
BGC0000182,36
BGC0000184,23
BGC0000185,10
BGC0000186,19
BGC0000187,62
BGC0000188,34
BGC0000189,8
BGC0000190,29
BGC0000191,25
BGC0000192,15
BGC0000193,13
BGC0000194,22
BGC0000195,32
BGC0000196,8
BGC0000197,23
BGC0000198,42
BGC0000199,37
BGC0000200,35
BGC0000201,29
BGC0000202,45
BGC0000203,42
BGC0000204,12
BGC0000205,6
BGC0000207,13
BGC0000208,21
BGC0000209,35
BGC0000210,36
BGC0000211,35
BGC0000212,35
BGC0000213,44
BGC0000214,14
BGC0000215,7
BGC0000216,38
BGC0000217,9
BGC0000218,9
BGC0000219,25
BGC0000220,20
BGC0000221,25
BGC0000222,46
BGC0000223,65
BGC0000224,33
BGC0000225,22
BGC0000226,27
BGC0000227,37
BGC0000229,34
BGC0000230,33
BGC0000231,5
BGC0000232,33
BGC0000233,32
BGC0000234,7
BGC0000235,20
BGC0000236,36
BGC0000237,15
BGC0000238,57
BGC0000239,32
BGC0000240,65
BGC0000241,58
BGC0000242,46
BGC0000243,12
BGC0000244,6
BGC0000245,36
BGC0000247,35
BGC0000248,27
BGC0000249,10
BGC0000252,14
BGC0000253,24
BGC0000254,20
BGC0000255,8
BGC0000256,28
BGC0000257,24
BGC0000258,17
BGC0000259,16
BGC0000260,26
BGC0000261,14
BGC0000262,48
BGC0000263,35
BGC0000264,18
BGC0000265,12
BGC0000266,25
BGC0000267,34
BGC0000268,55
BGC0000269,46
BGC0000270,38
BGC0000271,12
BGC0000272,7
BGC0000273,36
BGC0000274,35
BGC0000275,12
BGC0000277,9
BGC0000278,5
BGC0000279,49
BGC0000280,6
BGC0000281,8
BGC0000282,3
BGC0000283,31
BGC0000284,4
BGC0000285,9
BGC0000286,15
BGC0000287,5
BGC0000288,55
BGC0000289,55
BGC0000290,34
BGC0000291,60
BGC0000292,10
BGC0000293,3
BGC0000294,18
BGC0000295,10
BGC0000296,28
BGC0000297,17
BGC0000298,14
BGC0000300,16
BGC0000301,5
BGC0000302,7
BGC0000303,25
BGC0000304,11
BGC0000305,6
BGC0000306,9
BGC0000307,1
BGC0000308,2
BGC0000309,7
BGC0000310,9
BGC0000311,37
BGC0000312,15
BGC0000313,10
BGC0000314,14
BGC0000315,40
BGC0000316,32
BGC0000319,19
BGC0000320,14
BGC0000321,15
BGC0000322,9
BGC0000323,6
BGC0000324,11
BGC0000325,11
BGC0000326,16
BGC0000327,22
BGC0000328,8
BGC0000329,11
BGC0000330,17
BGC0000331,4
BGC0000332,7
BGC0000333,23
BGC0000334,20
BGC0000335,10
BGC0000336,16
BGC0000337,21
BGC0000339,18
BGC0000340,17
BGC0000341,48
BGC0000342,1
BGC0000343,4
BGC0000344,29
BGC0000345,14
BGC0000346,8
BGC0000347,14
BGC0000348,6
BGC0000349,7
BGC0000350,25
BGC0000351,3
BGC0000352,17
BGC0000353,3
BGC0000354,33
BGC0000355,5
BGC0000356,9
BGC0000357,1
BGC0000359,9
BGC0000360,28
BGC0000362,39
BGC0000363,19
BGC0000364,19
BGC0000365,30
BGC0000366,18
BGC0000367,12
BGC0000368,13
BGC0000369,32
BGC0000371,11
BGC0000372,8
BGC0000373,13
BGC0000374,23
BGC0000375,5
BGC0000376,24
BGC0000377,8
BGC0000378,29
BGC0000379,43
BGC0000380,35
BGC0000381,14
BGC0000382,14
BGC0000383,39
BGC0000384,4
BGC0000385,10
BGC0000386,14
BGC0000387,13
BGC0000388,27
BGC0000391,7
BGC0000392,14
BGC0000393,3
BGC0000394,28
BGC0000395,14
BGC0000396,4
BGC0000397,7
BGC0000398,10
BGC0000399,17
BGC0000400,5
BGC0000401,6
BGC0000402,4
BGC0000403,8
BGC0000404,16
BGC0000405,16
BGC0000406,29
BGC0000407,13
BGC0000408,5
BGC0000409,34
BGC0000410,10
BGC0000411,8
BGC0000412,5
BGC0000413,109
BGC0000414,24
BGC0000415,17
BGC0000416,3
BGC0000417,6
BGC0000418,39
BGC0000419,39
BGC0000420,7
BGC0000421,10
BGC0000422,47
BGC0000423,10
BGC0000424,13
BGC0000425,9
BGC0000426,2
BGC0000427,4
BGC0000428,26
BGC0000429,49
BGC0000430,7
BGC0000431,22
BGC0000432,24
BGC0000433,23
BGC0000434,28
BGC0000435,6
BGC0000436,7
BGC0000437,17
BGC0000438,3
BGC0000439,30
BGC0000440,53
BGC0000441,49
BGC0000442,5
BGC0000443,11
BGC0000444,11
BGC0000445,38
BGC0000446,18
BGC0000447,10
BGC0000448,17
BGC0000449,5
BGC0000450,18
BGC0000451,13
BGC0000452,16
BGC0000453,18
BGC0000454,10
BGC0000455,34
BGC0000457,9
BGC0000458,21
BGC0000459,36
BGC0000460,16
BGC0000461,10
BGC0000464,24
BGC0000465,2
BGC0000466,31
BGC0000467,4
BGC0000468,13
BGC0000469,33
BGC0000470,11
BGC0000471,8
BGC0000472,14
BGC0000473,9
BGC0000474,9
BGC0000475,8
BGC0000476,1
BGC0000477,8
BGC0000478,1
BGC0000479,23
BGC0000480,7
BGC0000481,11
BGC0000482,1
BGC0000483,6
BGC0000484,8
BGC0000485,3
BGC0000486,5
BGC0000487,15
BGC0000488,12
BGC0000489,8
BGC0000490,6
BGC0000491,7
BGC0000492,1
BGC0000493,1
BGC0000494,7
BGC0000495,32
BGC0000496,5
BGC0000497,8
BGC0000498,15
BGC0000499,6
BGC0000500,7
BGC0000501,5
BGC0000502,17
BGC0000503,21
BGC0000504,5
BGC0000505,2
BGC0000506,11
BGC0000507,7
BGC0000508,8
BGC0000509,11
BGC0000510,3
BGC0000511,16
BGC0000513,4
BGC0000514,11
BGC0000515,10
BGC0000516,8
BGC0000517,5
BGC0000518,7
BGC0000519,5
BGC0000520,6
BGC0000521,10
BGC0000522,10
BGC0000523,19
BGC0000525,3
BGC0000526,14
BGC0000527,10
BGC0000528,7
BGC0000529,20
BGC0000530,9
BGC0000531,8
BGC0000532,2
BGC0000533,8
BGC0000534,7
BGC0000535,11
BGC0000536,11
BGC0000537,11
BGC0000538,6
BGC0000539,11
BGC0000540,11
BGC0000541,7
BGC0000542,7
BGC0000543,6
BGC0000544,15
BGC0000545,14
BGC0000546,9
BGC0000547,11
BGC0000548,8
BGC0000549,13
BGC0000550,5
BGC0000551,4
BGC0000552,7
BGC0000553,7
BGC0000554,5
BGC0000555,10
BGC0000556,10
BGC0000557,10
BGC0000558,3
BGC0000559,13
BGC0000560,6
BGC0000561,20
BGC0000562,1
BGC0000563,4
BGC0000564,9
BGC0000565,16
BGC0000566,9
BGC0000567,7
BGC0000568,7
BGC0000569,12
BGC0000570,4
BGC0000571,4
BGC0000572,4
BGC0000573,8
BGC0000574,7
BGC0000575,5
BGC0000576,5
BGC0000577,7
BGC0000578,8
BGC0000579,11
BGC0000580,4
BGC0000581,4
BGC0000582,9
BGC0000583,6
BGC0000584,5
BGC0000585,7
BGC0000586,16
BGC0000587,15
BGC0000588,11
BGC0000589,11
BGC0000590,5
BGC0000591,7
BGC0000592,5
BGC0000593,3
BGC0000594,8
BGC0000595,14
BGC0000596,17
BGC0000597,9
BGC0000598,12
BGC0000599,7
BGC0000600,10
BGC0000601,7
BGC0000602,8
BGC0000603,21
BGC0000604,18
BGC0000605,13
BGC0000606,9
BGC0000607,24
BGC0000608,4
BGC0000609,44
BGC0000610,26
BGC0000611,27
BGC0000612,21
BGC0000613,12
BGC0000614,21
BGC0000615,24
BGC0000616,6
BGC0000617,5
BGC0000618,3
BGC0000619,9
BGC0000620,12
BGC0000621,1
BGC0000622,8
BGC0000623,3
BGC0000624,12
BGC0000625,15
BGC0000626,6
BGC0000627,19
BGC0000628,14
BGC0000630,6
BGC0000631,7
BGC0000632,13
BGC0000633,11
BGC0000634,12
BGC0000635,8
BGC0000636,14
BGC0000637,8
BGC0000638,6
BGC0000639,6
BGC0000640,6
BGC0000641,6
BGC0000642,7
BGC0000643,10
BGC0000644,6
BGC0000645,6
BGC0000646,6
BGC0000647,2
BGC0000648,11
BGC0000649,8
BGC0000650,7
BGC0000651,27
BGC0000652,26
BGC0000653,17
BGC0000654,35
BGC0000656,3
BGC0000657,4
BGC0000658,2
BGC0000659,2
BGC0000660,2
BGC0000661,3
BGC0000662,13
BGC0000663,13
BGC0000664,7
BGC0000665,15
BGC0000666,22
BGC0000667,4
BGC0000668,30
BGC0000669,4
BGC0000670,6
BGC0000671,7
BGC0000672,11
BGC0000673,3
BGC0000674,4
BGC0000675,5
BGC0000676,6
BGC0000677,4
BGC0000678,13
BGC0000679,40
BGC0000682,10
BGC0000683,1
BGC0000684,7
BGC0000685,9
BGC0000686,9
BGC0000687,7
BGC0000688,7
BGC0000689,26
BGC0000690,22
BGC0000691,28
BGC0000692,31
BGC0000693,26
BGC0000694,16
BGC0000695,43
BGC0000696,65
BGC0000698,29
BGC0000699,33
BGC0000700,67
BGC0000701,3
BGC0000702,24
BGC0000703,29
BGC0000704,40
BGC0000705,36
BGC0000706,13
BGC0000707,9
BGC0000708,30
BGC0000709,38
BGC0000711,21
BGC0000712,40
BGC0000713,26
BGC0000714,37
BGC0000715,17
BGC0000716,22
BGC0000719,9
BGC0000720,10
BGC0000721,37
BGC0000722,27
BGC0000723,22
BGC0000724,27
BGC0000725,12
BGC0000727,29
BGC0000728,16
BGC0000729,16
BGC0000730,15
BGC0000731,15
BGC0000732,17
BGC0000733,17
BGC0000734,10
BGC0000735,15
BGC0000736,12
BGC0000737,6
BGC0000738,11
BGC0000739,6
BGC0000740,7
BGC0000741,7
BGC0000742,5
BGC0000743,5
BGC0000744,7
BGC0000745,7
BGC0000746,7
BGC0000747,7
BGC0000748,7
BGC0000749,3
BGC0000751,4
BGC0000752,6
BGC0000753,5
BGC0000754,6
BGC0000755,6
BGC0000756,6
BGC0000757,5
BGC0000758,15
BGC0000759,24
BGC0000760,22
BGC0000761,24
BGC0000762,21
BGC0000763,14
BGC0000764,17
BGC0000765,15
BGC0000766,29
BGC0000767,23
BGC0000768,26
BGC0000769,26
BGC0000770,15
BGC0000772,12
BGC0000773,16
BGC0000774,35
BGC0000775,30
BGC0000776,11
BGC0000777,9
BGC0000778,7
BGC0000779,5
BGC0000780,61
BGC0000781,14
BGC0000782,21
BGC0000783,11
BGC0000784,18
BGC0000785,20
BGC0000786,10
BGC0000787,13
BGC0000788,19
BGC0000789,9
BGC0000790,12
BGC0000791,13
BGC0000792,17
BGC0000793,10
BGC0000794,15
BGC0000795,24
BGC0000796,21
BGC0000797,23
BGC0000798,5
BGC0000799,21
BGC0000800,13
BGC0000801,25
BGC0000802,9
BGC0000803,16
BGC0000804,27
BGC0000806,55
BGC0000807,31
BGC0000809,28
BGC0000810,17
BGC0000811,11
BGC0000812,13
BGC0000813,14
BGC0000814,35
BGC0000815,9
BGC0000816,7
BGC0000817,4
BGC0000818,18
BGC0000819,15
BGC0000820,8
BGC0000821,16
BGC0000825,15
BGC0000826,17
BGC0000827,17
BGC0000829,5
BGC0000830,4
BGC0000831,5
BGC0000832,28
BGC0000833,32
BGC0000834,20
BGC0000836,19
BGC0000837,20
BGC0000838,36
BGC0000839,25
BGC0000840,14
BGC0000841,6
BGC0000842,29
BGC0000843,16
BGC0000844,10
BGC0000845,24
BGC0000846,22
BGC0000847,30
BGC0000848,1
BGC0000849,2
BGC0000850,3
BGC0000851,6
BGC0000852,3
BGC0000853,4
BGC0000854,6
BGC0000855,4
BGC0000856,4
BGC0000857,5
BGC0000858,4
BGC0000859,4
BGC0000860,5
BGC0000861,6
BGC0000862,9
BGC0000863,4
BGC0000864,22
BGC0000865,19
BGC0000866,4
BGC0000867,7
BGC0000868,8
BGC0000869,7
BGC0000870,4
BGC0000871,5
BGC0000872,29
BGC0000873,32
BGC0000874,28
BGC0000875,23
BGC0000876,8
BGC0000877,39
BGC0000878,8
BGC0000879,12
BGC0000880,14
BGC0000881,10
BGC0000882,17
BGC0000883,29
BGC0000884,3
BGC0000885,14
BGC0000886,10
BGC0000887,23
BGC0000888,5
BGC0000889,18
BGC0000890,10
BGC0000891,10
BGC0000892,12
BGC0000893,17
BGC0000894,7
BGC0000895,11
BGC0000896,22
BGC0000897,17
BGC0000898,9
BGC0000899,13
BGC0000900,2
BGC0000901,3
BGC0000902,4
BGC0000903,12
BGC0000904,11
BGC0000905,17
BGC0000906,16
BGC0000907,33
BGC0000908,7
BGC0000909,5
BGC0000910,2
BGC0000911,2
BGC0000912,2
BGC0000913,12
BGC0000914,21
BGC0000915,55
BGC0000916,17
BGC0000917,4
BGC0000918,4
BGC0000919,6
BGC0000920,2
BGC0000921,15
BGC0000922,11
BGC0000923,5
BGC0000924,4
BGC0000925,15
BGC0000926,14
BGC0000927,3
BGC0000929,6
BGC0000930,9
BGC0000932,19
BGC0000933,5
BGC0000934,23
BGC0000935,25
BGC0000936,7
BGC0000937,19
BGC0000938,29
BGC0000939,9
BGC0000940,6
BGC0000941,5
BGC0000942,6
BGC0000943,12
BGC0000944,4
BGC0000945,3
BGC0000946,5
BGC0000947,11
BGC0000948,2
BGC0000949,37
BGC0000950,29
BGC0000951,22
BGC0000953,24
BGC0000954,13
BGC0000955,6
BGC0000956,21
BGC0000957,26
BGC0000958,15
BGC0000959,9
BGC0000960,47
BGC0000961,21
BGC0000962,12
BGC0000963,32
BGC0000964,13
BGC0000965,66
BGC0000966,25
BGC0000967,25
BGC0000968,7
BGC0000969,13
BGC0000970,18
BGC0000971,22
BGC0000972,23
BGC0000973,27
BGC0000974,21
BGC0000975,8
BGC0000976,15
BGC0000977,7
BGC0000978,14
BGC0000979,3
BGC0000980,3
BGC0000981,25
BGC0000982,17
BGC0000983,13
BGC0000984,20
BGC0000985,11
BGC0000986,17
BGC0000988,22
BGC0000989,7
BGC0000990,24
BGC0000991,10
BGC0000992,16
BGC0000993,21
BGC0000994,22
BGC0000995,20
BGC0000996,7
BGC0000997,19
BGC0000998,26
BGC0000999,8
BGC0001000,8
BGC0001001,26
BGC0001002,9
BGC0001003,22
BGC0001004,36
BGC0001005,14
BGC0001006,12
BGC0001007,13
BGC0001008,43
BGC0001010,19
BGC0001011,38
BGC0001012,5
BGC0001013,42
BGC0001014,10
BGC0001015,9
BGC0001016,13
BGC0001017,17
BGC0001018,8
BGC0001019,11
BGC0001020,38
BGC0001021,10
BGC0001022,11
BGC0001023,3
BGC0001024,7
BGC0001025,23
BGC0001026,6
BGC0001027,8
BGC0001028,8
BGC0001029,11
BGC0001030,5
BGC0001031,23
BGC0001032,23
BGC0001033,14
BGC0001034,12
BGC0001035,31
BGC0001036,37
BGC0001037,5
BGC0001038,27
BGC0001039,26
BGC0001040,28
BGC0001041,31
BGC0001042,44
BGC0001043,6
BGC0001044,18
BGC0001045,16
BGC0001046,38
BGC0001047,7
BGC0001048,40
BGC0001049,4
BGC0001050,2
BGC0001051,5
BGC0001052,15
BGC0001053,32
BGC0001054,14
BGC0001055,68
BGC0001056,23
BGC0001057,11
BGC0001058,48
BGC0001059,27
BGC0001060,59
BGC0001061,43
BGC0001062,30
BGC0001063,22
BGC0001064,12
BGC0001065,7
BGC0001066,20
BGC0001067,15
BGC0001068,8
BGC0001069,9
BGC0001070,26
BGC0001071,13
BGC0001072,50
BGC0001073,61
BGC0001074,40
BGC0001075,11
BGC0001076,25
BGC0001077,7
BGC0001078,23
BGC0001079,31
BGC0001080,18
BGC0001082,8
BGC0001083,41
BGC0001084,18
BGC0001085,4
BGC0001088,20
BGC0001089,14
BGC0001090,10
BGC0001091,16
BGC0001093,21
BGC0001094,24
BGC0001095,15
BGC0001098,9
BGC0001099,29
BGC0001100,15
BGC0001101,71
BGC0001102,14
BGC0001103,10
BGC0001105,10
BGC0001106,33
BGC0001108,16
BGC0001109,9
BGC0001110,19
BGC0001111,13
BGC0001112,9
BGC0001113,15
BGC0001114,20
BGC0001115,37
BGC0001116,18
BGC0001117,25
BGC0001118,9
BGC0001119,29
BGC0001122,16
BGC0001123,22
BGC0001124,8
BGC0001125,10
BGC0001126,32
BGC0001127,15
BGC0001128,1
BGC0001130,14
BGC0001131,8
BGC0001132,1
BGC0001133,2
BGC0001134,1
BGC0001135,1
BGC0001136,5
BGC0001137,13
BGC0001138,37
BGC0001140,36
BGC0001141,10
BGC0001142,22
BGC0001143,15
BGC0001144,5
BGC0001145,10
BGC0001146,7
BGC0001147,21
BGC0001148,21
BGC0001149,5
BGC0001150,20
BGC0001151,14
BGC0001152,8
BGC0001153,5
BGC0001154,14
BGC0001155,17
BGC0001156,31
BGC0001157,13
BGC0001159,25
BGC0001160,1
BGC0001161,2
BGC0001162,2
BGC0001163,2
BGC0001164,1
BGC0001165,14
BGC0001166,1
BGC0001167,12
BGC0001168,3
BGC0001169,12
BGC0001170,9
BGC0001171,8
BGC0001172,26
BGC0001173,12
BGC0001174,7
BGC0001176,5
BGC0001177,26
BGC0001178,46
BGC0001179,28
BGC0001181,1
BGC0001182,7
BGC0001183,60
BGC0001184,7
BGC0001185,5
BGC0001186,25
BGC0001187,2
BGC0001188,12
BGC0001189,18
BGC0001190,20
BGC0001191,15
BGC0001192,5
BGC0001193,25
BGC0001194,22
BGC0001195,19
BGC0001196,22
BGC0001197,14
BGC0001198,3
BGC0001199,25
BGC0001200,21
BGC0001201,2
BGC0001202,18
BGC0001203,19
BGC0001204,35
BGC0001205,16
BGC0001206,9
BGC0001207,10
BGC0001209,4
BGC0001210,6
BGC0001211,10
BGC0001212,14
BGC0001213,27
BGC0001214,24
BGC0001215,19
BGC0001216,16
BGC0001217,3
BGC0001218,6
BGC0001219,7
BGC0001220,15
BGC0001221,26
BGC0001222,7
BGC0001223,6
BGC0001224,6
BGC0001225,24
BGC0001226,4
BGC0001227,11
BGC0001228,23
BGC0001229,4
BGC0001230,14
BGC0001231,14
BGC0001233,19
BGC0001235,11
BGC0001236,17
BGC0001237,10
BGC0001238,3
BGC0001239,3
BGC0001240,1
BGC0001241,17
BGC0001242,8
BGC0001244,1
BGC0001245,6
BGC0001246,6
BGC0001248,1
BGC0001249,1
BGC0001250,1
BGC0001251,1
BGC0001252,1
BGC0001254,1
BGC0001255,11
BGC0001257,1
BGC0001258,1
BGC0001260,7
BGC0001261,1
BGC0001262,6
BGC0001264,8
BGC0001266,3
BGC0001267,13
BGC0001268,1
BGC0001273,1
BGC0001275,1
BGC0001276,1
BGC0001277,22
BGC0001278,24
BGC0001281,114
BGC0001283,25
BGC0001284,1
BGC0001285,16
BGC0001286,7
BGC0001287,29
BGC0001288,46
BGC0001289,9
BGC0001290,5
BGC0001291,10
BGC0001292,23
BGC0001293,17
BGC0001294,6
BGC0001295,14
BGC0001296,12
BGC0001297,40
BGC0001298,9
BGC0001299,19
BGC0001300,15
BGC0001301,9
BGC0001302,23
BGC0001303,46
BGC0001304,5
BGC0001305,6
BGC0001306,4
BGC0001307,7
BGC0001310,2
BGC0001311,20
BGC0001312,16
BGC0001313,30
BGC0001314,19
BGC0001315,6
BGC0001316,24
BGC0001317,18
BGC0001318,16
BGC0001321,14
BGC0001322,15
BGC0001323,9
BGC0001324,14
BGC0001325,10
BGC0001327,10
BGC0001328,15
BGC0001329,19
BGC0001330,20
BGC0001331,16
BGC0001332,15
BGC0001333,14
BGC0001334,13
BGC0001335,18
BGC0001336,7
BGC0001337,18
BGC0001338,16
BGC0001339,22
BGC0001340,20
BGC0001341,5
BGC0001342,16
BGC0001343,18
BGC0001344,17
BGC0001345,12
BGC0001346,8
BGC0001348,18
BGC0001349,24
BGC0001350,23
BGC0001351,24
BGC0001356,5
BGC0001357,13
BGC0001358,20
BGC0001360,8
BGC0001361,4
BGC0001363,5
BGC0001364,19
BGC0001365,11
BGC0001366,16
BGC0001367,17
BGC0001368,28
BGC0001369,31
BGC0001370,44
BGC0001371,13
BGC0001372,14
BGC0001373,34
BGC0001374,14
BGC0001375,5
BGC0001376,33
BGC0001377,32
BGC0001378,36
BGC0001379,28
BGC0001380,16
BGC0001381,101
BGC0001383,9
BGC0001384,36
BGC0001386,25
BGC0001387,23
BGC0001388,9
BGC0001389,13
BGC0001390,3
BGC0001391,8
BGC0001392,17
BGC0001393,15
BGC0001394,12
BGC0001395,18
BGC0001396,38
BGC0001397,58
BGC0001398,21
BGC0001399,7
BGC0001400,5
BGC0001402,6
BGC0001403,14
BGC0001404,7
BGC0001405,18
BGC0001406,34
BGC0001407,11
BGC0001408,7
BGC0001409,49
BGC0001410,15
BGC0001411,30
BGC0001412,25
BGC0001413,24
BGC0001414,26
BGC0001415,8
BGC0001416,14
BGC0001417,12
BGC0001418,12
BGC0001419,12
BGC0001420,13
BGC0001421,13
BGC0001422,14
BGC0001423,13
BGC0001424,14
BGC0001425,13
BGC0001426,13
BGC0001427,13
BGC0001428,14
BGC0001429,12
BGC0001430,12
BGC0001431,12
BGC0001432,7
BGC0001433,37
BGC0001434,3
BGC0001435,25
BGC0001436,21
BGC0001437,14
BGC0001438,34
BGC0001439,33
BGC0001440,10
BGC0001441,24
BGC0001442,18
BGC0001443,18
BGC0001444,9
BGC0001445,11
BGC0001446,4
BGC0001447,37
BGC0001448,39
BGC0001449,13
BGC0001451,8
BGC0001452,36
BGC0001453,6
BGC0001454,1
BGC0001455,16
BGC0001456,8
BGC0001457,37
BGC0001458,9
BGC0001459,38
BGC0001460,36
BGC0001461,36
BGC0001462,37
BGC0001463,6
BGC0001464,6
BGC0001465,11
BGC0001467,5
BGC0001468,8
BGC0001469,12
BGC0001470,15
BGC0001471,24
BGC0001472,10
BGC0001473,21
BGC0001474,22
BGC0001475,4
BGC0001476,16
BGC0001477,25
BGC0001478,4
BGC0001479,9
BGC0001480,18
BGC0001481,1
BGC0001483,21
BGC0001484,31
BGC0001485,10
BGC0001486,10
BGC0001487,9
BGC0001488,14
BGC0001489,6
BGC0001490,8
BGC0001491,24
BGC0001492,32
BGC0001493,4
BGC0001494,5
BGC0001495,10
BGC0001496,11
BGC0001498,9
BGC0001499,6
BGC0001500,37
BGC0001501,33
BGC0001502,7
BGC0001503,70
BGC0001504,8
BGC0001505,10
BGC0001506,4
BGC0001507,4
BGC0001508,10
BGC0001509,9
BGC0001510,13
BGC0001511,42
BGC0001512,20
BGC0001513,12
BGC0001514,33
BGC0001515,15
BGC0001516,7
BGC0001517,4
BGC0001518,10
BGC0001519,34
BGC0001520,28
BGC0001521,21
BGC0001522,67
BGC0001523,23
BGC0001524,12
BGC0001525,11
BGC0001526,10
BGC0001527,1
BGC0001528,4
BGC0001529,10
BGC0001531,6
BGC0001532,18
BGC0001533,34
BGC0001534,4
BGC0001535,3
BGC0001536,11
BGC0001537,15
BGC0001539,4
BGC0001540,33
BGC0001541,16
BGC0001542,7
BGC0001543,26
BGC0001544,11
BGC0001545,6
BGC0001547,11
BGC0001548,4
BGC0001549,5
BGC0001550,5
BGC0001551,5
BGC0001552,4
BGC0001553,10
BGC0001554,5
BGC0001555,4
BGC0001556,9
BGC0001558,52
BGC0001559,13
BGC0001560,12
BGC0001561,13
BGC0001562,11
BGC0001563,18
BGC0001564,11
BGC0001565,13
BGC0001566,16
BGC0001567,11
BGC0001568,51
BGC0001569,24
BGC0001570,9
BGC0001571,26
BGC0001572,4
BGC0001573,6
BGC0001574,18
BGC0001575,17
BGC0001576,8
BGC0001577,5
BGC0001578,14
BGC0001579,8
BGC0001580,36
BGC0001582,19
BGC0001583,4
BGC0001584,56
BGC0001585,11
BGC0001586,16
BGC0001587,6
BGC0001588,20
BGC0001589,22
BGC0001590,43
BGC0001591,30
BGC0001592,17
BGC0001593,26
BGC0001594,31
BGC0001595,23
BGC0001596,43
BGC0001597,36
BGC0001598,41
BGC0001599,8
BGC0001600,8
BGC0001601,3
BGC0001602,9
BGC0001603,37
BGC0001604,7
BGC0001605,8
BGC0001606,5
BGC0001607,25
BGC0001608,8
BGC0001609,8
BGC0001610,15
BGC0001611,28
BGC0001612,32
BGC0001614,16
BGC0001615,7
BGC0001616,3
BGC0001617,17
BGC0001618,8
BGC0001619,41
BGC0001620,21
BGC0001621,10
BGC0001622,21
BGC0001623,18
BGC0001624,12
BGC0001625,22
BGC0001626,10
BGC0001627,5
BGC0001628,9
BGC0001629,3
BGC0001630,11
BGC0001631,6
BGC0001632,6
BGC0001633,6
BGC0001634,5
BGC0001635,25
BGC0001636,10
BGC0001637,12
BGC0001638,5
BGC0001639,5
BGC0001640,9
BGC0001641,1
BGC0001642,1
BGC0001644,21
BGC0001645,5
BGC0001646,22
BGC0001647,9
BGC0001648,22
BGC0001649,31
BGC0001650,11
BGC0001651,12
BGC0001652,18
BGC0001653,15
BGC0001654,18
BGC0001655,7
BGC0001656,30
BGC0001657,21
BGC0001658,26
BGC0001659,6
BGC0001660,7
BGC0001661,22
BGC0001662,25
BGC0001663,9
BGC0001664,19
BGC0001665,6
BGC0001666,27
BGC0001667,10
BGC0001668,3
BGC0001669,23
BGC0001670,20
BGC0001671,15
BGC0001672,8
BGC0001674,14
BGC0001675,58
BGC0001677,7
BGC0001678,1
BGC0001679,3
BGC0001680,1
BGC0001681,2
BGC0001682,2
BGC0001683,4
BGC0001684,4
BGC0001685,2
BGC0001686,9
BGC0001687,32
BGC0001690,22
BGC0001692,15
BGC0001693,60
BGC0001694,32
BGC0001695,17
BGC0001696,11
BGC0001699,4
BGC0001700,31
BGC0001701,15
BGC0001702,27
BGC0001703,22
BGC0001704,21
BGC0001705,9
BGC0001706,13
BGC0001707,23
BGC0001708,13
BGC0001709,19
BGC0001711,17
BGC0001712,17
BGC0001713,7
BGC0001715,17
BGC0001716,17
BGC0001717,7
BGC0001718,5
BGC0001719,35
BGC0001720,14
BGC0001721,15
BGC0001722,6
BGC0001723,10
BGC0001724,20
BGC0001725,4
BGC0001726,9
BGC0001727,11
BGC0001728,26
BGC0001729,16
BGC0001730,28
BGC0001731,53
BGC0001732,53
BGC0001733,6
BGC0001735,32
BGC0001736,8
BGC0001737,10
BGC0001738,7
BGC0001739,13
BGC0001740,43
BGC0001741,10
BGC0001742,12
BGC0001743,7
BGC0001745,6
BGC0001746,1
BGC0001747,9
BGC0001748,3
BGC0001749,17
BGC0001750,22
BGC0001751,27
BGC0001752,18
BGC0001753,18
BGC0001755,20
BGC0001756,7
BGC0001757,3
BGC0001758,1
BGC0001759,63
BGC0001760,14
BGC0001761,18
BGC0001762,36
BGC0001763,20
BGC0001764,51
BGC0001765,20
BGC0001767,13
BGC0001768,5
BGC0001769,40
BGC0001770,25
BGC0001771,17
BGC0001772,18
BGC0001773,29
BGC0001774,18
BGC0001775,6
BGC0001776,22
BGC0001777,6
BGC0001778,17
BGC0001779,6
BGC0001780,10
BGC0001781,4
BGC0001782,33
BGC0001783,55
BGC0001784,41
BGC0001785,41
BGC0001786,9
BGC0001787,9
BGC0001788,10
BGC0001789,11
BGC0001790,17
BGC0001791,12
BGC0001792,21
BGC0001793,7
BGC0001794,6
BGC0001795,7
BGC0001796,22
BGC0001797,21
BGC0001799,12
BGC0001800,14
BGC0001801,15
BGC0001802,11
BGC0001806,3
BGC0001807,39
BGC0001808,10
BGC0001809,2
BGC0001810,12
BGC0001811,11
BGC0001812,29
BGC0001813,15
BGC0001814,36
BGC0001816,16
BGC0001817,5
BGC0001818,46
BGC0001819,16
BGC0001820,13
BGC0001822,12
BGC0001823,31
BGC0001824,6
BGC0001825,1
BGC0001826,9
BGC0001827,14
BGC0001828,13
BGC0001829,13
BGC0001830,23
BGC0001831,6
BGC0001833,1
BGC0001834,5
BGC0001835,16
BGC0001836,16
BGC0001837,27
BGC0001838,7
BGC0001839,5
BGC0001840,9
BGC0001841,4
BGC0001842,7
BGC0001843,4
BGC0001844,2
BGC0001845,9
BGC0001846,23
BGC0001847,12
BGC0001848,50
BGC0001849,6
BGC0001850,20
BGC0001851,41
BGC0001852,42
BGC0001853,35
BGC0001854,9
BGC0001856,62
BGC0001857,9
BGC0001858,6
BGC0001859,14
BGC0001860,12
BGC0001861,9
BGC0001862,5
BGC0001863,12
BGC0001864,8
BGC0001865,16
BGC0001866,9
BGC0001867,17
BGC0001868,11
BGC0001869,12
BGC0001870,10
BGC0001872,10
BGC0001873,2
BGC0001874,3
BGC0001875,21
BGC0001876,3
BGC0001877,72
BGC0001878,5
BGC0001879,46
BGC0001880,6
BGC0001881,11
BGC0001882,23
BGC0001884,16
BGC0001885,15
BGC0001886,16
BGC0001887,3
BGC0001888,6
BGC0001889,4
BGC0001890,24
BGC0001891,11
BGC0001892,18
BGC0001893,4
BGC0001894,33
BGC0001895,20
BGC0001896,7
BGC0001897,16
BGC0001899,8
BGC0001902,18
BGC0001903,10
BGC0001904,31
BGC0001905,7
BGC0001906,9
BGC0001907,6
BGC0001909,19
BGC0001910,11
BGC0001911,10
BGC0001913,15
BGC0001917,15
BGC0001918,18
BGC0001919,20
BGC0001920,14
BGC0001922,39
BGC0001923,8
BGC0001924,3
BGC0001925,18
BGC0001926,10
BGC0001927,22
BGC0001928,8
BGC0001929,5
BGC0001931,45
BGC0001934,29
BGC0001937,11
BGC0001938,2
BGC0001940,20
BGC0001941,24
BGC0001942,18
BGC0001944,40
BGC0001945,29
BGC0001947,19
BGC0001948,3
BGC0001949,4
BGC0001950,9
BGC0001951,9
BGC0001952,13
BGC0001953,13
BGC0001954,6
BGC0001955,42
BGC0001956,27
BGC0001957,30
BGC0001959,10
BGC0001960,29
BGC0001962,7
BGC0001963,56
BGC0001964,44
BGC0001965,27
BGC0001966,13
BGC0001967,19
BGC0001968,21
BGC0001969,3
BGC0001970,30
BGC0001971,24
BGC0001972,28
BGC0001974,5
BGC0001975,38
BGC0001976,11
BGC0001979,53
BGC0001980,14
BGC0001983,32
BGC0001984,12
BGC0001985,20
BGC0001986,5
BGC0001987,11
BGC0001988,19
BGC0001989,4
BGC0001990,7
BGC0001991,11
BGC0001992,6
BGC0001994,6
BGC0001995,11
BGC0001996,16
BGC0001997,14
BGC0001998,4
BGC0001999,15
BGC0002000,15
BGC0002001,25
BGC0002002,14
BGC0002004,6
BGC0002005,5
BGC0002006,4
BGC0002007,17
BGC0002008,18
BGC0002009,46
BGC0002010,28
BGC0002011,70
BGC0002012,28
BGC0002013,11
BGC0002014,31
BGC0002015,14
BGC0002016,27
BGC0002017,5
BGC0002018,6
BGC0002019,23
BGC0002020,5
BGC0002021,39
BGC0002022,36
BGC0002024,26
BGC0002025,26
BGC0002026,15
BGC0002028,29
BGC0002031,5
BGC0002032,15
BGC0002033,45
BGC0002034,14
BGC0002035,5
BGC0002036,13
BGC0002037,11
BGC0002038,30
BGC0002039,28
BGC0002040,32
BGC0002042,22
BGC0002043,26
BGC0002044,32
BGC0002045,38
BGC0002046,21
BGC0002047,14
BGC0002048,6
BGC0002049,6
BGC0002050,11
BGC0002051,6
BGC0002052,4
BGC0002053,4
BGC0002054,30
BGC0002055,20
BGC0002056,5
BGC0002058,9
BGC0002059,16
BGC0002060,25
BGC0002061,8
BGC0002062,14
BGC0002063,26
BGC0002064,9
BGC0002066,10
BGC0002067,11
BGC0002068,25
BGC0002069,9
BGC0002070,23
BGC0002071,2
BGC0002072,27
BGC0002073,7
BGC0002074,4
BGC0002075,1
BGC0002076,3
BGC0002078,40
BGC0002079,42
BGC0002080,20
BGC0002081,19
BGC0002082,20
BGC0002083,12
BGC0002084,2
BGC0002085,50
BGC0002086,19
BGC0002087,34
BGC0002088,44
BGC0002089,12
BGC0002090,23
BGC0002091,17
BGC0002092,6
BGC0002093,8
BGC0002095,8
BGC0002096,22
BGC0002097,48
BGC0002098,41
BGC0002099,3
BGC0002100,52
BGC0002101,21
BGC0002102,9
BGC0002103,6
BGC0002104,23
BGC0002105,20
BGC0002106,24
BGC0002107,27
BGC0002108,28
BGC0002109,42
BGC0002110,8
BGC0002111,11
BGC0002114,16
BGC0002115,12
BGC0002116,5
BGC0002117,33
BGC0002118,32
BGC0002119,31
BGC0002120,14
BGC0002122,32
BGC0002123,15
BGC0002124,47
BGC0002125,8
BGC0002126,7
BGC0002127,3
BGC0002128,9
BGC0002129,41
BGC0002130,27
BGC0002131,18
BGC0002132,8
BGC0002133,10
BGC0002134,4
BGC0002135,1
BGC0002137,28
BGC0002138,5
BGC0002139,8
BGC0002140,37
BGC0002141,56
BGC0002142,38
BGC0002143,39
BGC0002144,6
BGC0002146,12
BGC0002147,16
BGC0002148,11
BGC0002149,10
BGC0002150,3
BGC0002151,3
BGC0002152,11
BGC0002153,21
BGC0002154,1
BGC0002155,3
BGC0002157,3
BGC0002158,4
BGC0002160,3
BGC0002161,5
BGC0002162,2
BGC0002163,2
BGC0002164,1
BGC0002165,7
BGC0002166,1
BGC0002167,6
BGC0002168,13
BGC0002169,13
BGC0002170,14
BGC0002171,2
BGC0002172,8
BGC0002173,4
BGC0002174,1
BGC0002175,1
BGC0002176,1
BGC0002177,13
BGC0002178,17
BGC0002180,9
BGC0002181,7
BGC0002185,9
BGC0002186,5
BGC0002187,5
BGC0002188,7
BGC0002190,8
BGC0002191,1
BGC0002192,1
BGC0002193,1
BGC0002194,4
BGC0002195,3
BGC0002196,10
BGC0002197,8
BGC0002198,40
BGC0002199,6
BGC0002203,6
BGC0002204,11
BGC0002205,9
BGC0002206,10
BGC0002207,8
BGC0002208,6
BGC0002209,10
BGC0002210,8
BGC0002211,5
BGC0002212,7
BGC0002213,12
BGC0002214,13
BGC0002215,9
BGC0002216,7
BGC0002217,18
BGC0002218,10
BGC0002219,9
BGC0002220,13
BGC0002221,10
BGC0002222,12
BGC0002223,16
BGC0002224,14
BGC0002225,8
BGC0002226,3
BGC0002227,4
BGC0002228,3
BGC0002229,7
BGC0002230,4
BGC0002232,13
BGC0002233,12
BGC0002234,8
BGC0002235,17
BGC0002236,3
BGC0002237,6
BGC0002238,3
BGC0002239,10
BGC0002240,2
BGC0002242,4
BGC0002244,19
BGC0002245,4
BGC0002246,20
BGC0002248,8
BGC0002249,2
BGC0002250,14
BGC0002253,11
BGC0002254,18
BGC0002255,8
BGC0002256,10
BGC0002257,7
BGC0002258,7
BGC0002259,4
BGC0002260,5
BGC0002261,13
BGC0002262,16
BGC0002264,12
BGC0002266,5
BGC0002267,16
BGC0002268,7
BGC0002270,14
BGC0002271,4
BGC0002272,6
BGC0002273,19
BGC0002274,1
BGC0002275,2
BGC0002276,1
BGC0002277,1
BGC0002278,12
BGC0002282,28
BGC0002283,4
BGC0002284,15
BGC0002285,14
BGC0002286,1
BGC0002287,13
BGC0002288,19
BGC0002289,6
BGC0002290,11
BGC0002291,24
BGC0002293,16
BGC0002294,26
BGC0002295,5
BGC0002296,30
BGC0002297,10
BGC0002298,5
BGC0002300,20
BGC0002301,4
BGC0002302,23
BGC0002303,18
BGC0002304,7
BGC0002305,6
BGC0002306,3
BGC0002307,14
BGC0002308,20
BGC0002309,4
BGC0002311,4
BGC0002312,4
BGC0002313,10
BGC0002314,27
BGC0002315,37
BGC0002316,8
BGC0002317,13
BGC0002318,7
BGC0002319,7
BGC0002320,2
BGC0002321,4
BGC0002322,3
BGC0002323,8
BGC0002324,12
BGC0002325,5
BGC0002326,14
BGC0002327,26
BGC0002328,6
BGC0002329,15
BGC0002330,9
BGC0002331,2
BGC0002332,11
BGC0002333,19
BGC0002334,12
BGC0002336,38
BGC0002337,2
BGC0002338,40
BGC0002339,22
BGC0002340,24
BGC0002341,1
BGC0002342,9
BGC0002343,20
BGC0002344,36
BGC0002345,3
BGC0002346,11
BGC0002347,10
BGC0002348,6
BGC0002349,42
BGC0002350,41
BGC0002351,9
BGC0002352,7
BGC0002353,23
BGC0002354,7
BGC0002355,9
BGC0002356,25
BGC0002357,28
BGC0002358,24
BGC0002359,23
BGC0002360,21
BGC0002361,32
BGC0002362,25
BGC0002363,18
BGC0002364,15
BGC0002365,6
BGC0002366,20
BGC0002367,14
BGC0002369,22
BGC0002370,30
BGC0002372,16
BGC0002373,30
BGC0002374,35
BGC0002376,52
BGC0002377,40
BGC0002378,23
BGC0002379,77
BGC0002380,6
BGC0002381,28
BGC0002382,11
BGC0002383,27
BGC0002384,34
BGC0002385,21
BGC0002386,20
BGC0002387,34
BGC0002389,3
BGC0002390,19
BGC0002391,2
BGC0002392,16
BGC0002393,17
BGC0002394,6
BGC0002395,14
BGC0002396,3
BGC0002397,2
BGC0002398,3
BGC0002399,4
BGC0002400,3
BGC0002401,9
BGC0002402,5
BGC0002403,4
BGC0002404,4
BGC0002405,4
BGC0002406,20
BGC0002407,7
BGC0002408,15
BGC0002409,16
BGC0002410,12
BGC0002411,11
BGC0002412,10
BGC0002413,13
BGC0002414,13
BGC0002415,7
BGC0002416,14
BGC0002417,20
BGC0002418,29
BGC0002419,16
BGC0002420,17
BGC0002421,15
BGC0002422,13
BGC0002423,4
BGC0002424,6
BGC0002425,24
BGC0002426,47
BGC0002427,6
BGC0002428,1
BGC0002429,5
BGC0002430,68
BGC0002431,38
BGC0002432,36
BGC0002433,12
BGC0002434,9
BGC0002435,24
BGC0002436,18
BGC0002437,1
BGC0002438,21
BGC0002439,20
BGC0002440,26
BGC0002441,31
BGC0002442,11
BGC0002443,23
BGC0002444,1
BGC0002445,5
BGC0002446,16
BGC0002447,10
BGC0002448,40
BGC0002449,11
BGC0002450,16
BGC0002451,11
BGC0002452,51
BGC0002453,36
BGC0002454,21
BGC0002455,46
BGC0002456,18
BGC0002457,16
BGC0002458,3
BGC0002460,25
BGC0002461,41
BGC0002462,7
BGC0002464,8
BGC0002465,8
BGC0002466,20
BGC0002467,13
BGC0002468,15
BGC0002469,3
BGC0002470,21
BGC0002471,11
BGC0002472,7
BGC0002473,9
BGC0002474,6
BGC0002475,10
BGC0002476,10
BGC0002477,21
BGC0002478,39
BGC0002479,28
BGC0002480,6
BGC0002482,10
BGC0002483,15
BGC0002484,13
BGC0002485,11
BGC0002486,8
BGC0002487,9
BGC0002488,8
BGC0002489,4
BGC0002490,6
BGC0002491,11
BGC0002492,9
BGC0002493,4
BGC0002494,11
BGC0002495,12
BGC0002496,14
BGC0002497,44
BGC0002498,49
BGC0002499,24
BGC0002500,16
BGC0002501,26
BGC0002502,16
BGC0002503,12
BGC0002504,22
BGC0002505,7
BGC0002506,23
BGC0002507,6
BGC0002508,11
BGC0002509,9
BGC0002510,14
BGC0002512,6
BGC0002514,15
BGC0002515,5
BGC0002517,25
BGC0002518,2
BGC0002520,59
BGC0002521,9
BGC0002522,8
BGC0002523,56
BGC0002524,7
BGC0002525,7
BGC0002526,41
BGC0002527,7
BGC0002528,8
BGC0002529,5
BGC0002530,3
BGC0002531,12
BGC0002532,20
BGC0002533,16
BGC0002535,8
BGC0002536,20
BGC0002537,12
BGC0002538,3
BGC0002539,12
BGC0002540,20
BGC0002541,59
BGC0002542,11
BGC0002543,15
BGC0002544,18
BGC0002545,31
BGC0002546,11
BGC0002547,17
BGC0002548,8
BGC0002550,40
BGC0002551,10
BGC0002552,48
BGC0002553,16
BGC0002554,8
BGC0002555,3
BGC0002556,40
BGC0002557,6
BGC0002558,34
BGC0002559,29
BGC0002560,10
BGC0002561,16
BGC0002563,14
BGC0002564,13
BGC0002565,12
BGC0002566,4
BGC0002567,9
BGC0002568,9
BGC0002569,15
BGC0002570,12
BGC0002571,63
BGC0002572,11
BGC0002573,5
BGC0002575,10
BGC0002576,1
BGC0002577,5
BGC0002578,10
BGC0002579,9
BGC0002580,4
BGC0002581,9
BGC0002582,5
BGC0002583,5
BGC0002584,9
BGC0002585,16
BGC0002586,13
BGC0002587,31
BGC0002588,30
BGC0002591,15
BGC0002592,12
BGC0002594,9
BGC0002596,7
BGC0002597,21
BGC0002598,5
BGC0002602,6
BGC0002603,7
BGC0002604,6
BGC0002605,5
BGC0002606,5
BGC0002607,5
BGC0002608,1
BGC0002609,6
BGC0002610,2
BGC0002611,13
BGC0002612,13
BGC0002613,12
BGC0002614,10
BGC0002615,11
BGC0002616,7
BGC0002617,3
BGC0002618,23
BGC0002619,11
BGC0002620,6
BGC0002621,9
BGC0002622,3
BGC0002623,7
BGC0002624,14
BGC0002625,11
BGC0002626,8
BGC0002627,5
BGC0002629,7
BGC0002630,4
BGC0002631,3
BGC0002632,22
BGC0002633,8
BGC0002634,20
BGC0002635,6
BGC0002636,29
BGC0002637,29
BGC0002638,38
BGC0002639,6
BGC0002640,2
BGC0002641,7
BGC0002642,44
BGC0002643,6
BGC0002644,3
BGC0002645,5
BGC0002646,6
BGC0002647,3
BGC0002648,6
BGC0002649,24
BGC0002651,8
BGC0002652,34
BGC0002653,5
BGC0002654,16
BGC0002656,29
BGC0002657,70
BGC0002659,5
BGC0002660,5
BGC0002661,16
BGC0002662,67
BGC0002663,15
BGC0002665,8
BGC0002666,25
BGC0002667,25
BGC0002668,13
BGC0002669,42
BGC0002670,13
BGC0002671,33
BGC0002672,29
BGC0002673,22
BGC0002674,5
BGC0002675,13
BGC0002676,76
BGC0002677,18
BGC0002678,14
BGC0002679,10
BGC0002680,13
BGC0002681,7
BGC0002682,8
BGC0002683,10
BGC0002685,9
BGC0002686,81
BGC0002687,9
BGC0002688,13
BGC0002689,19
BGC0002690,8
BGC0002691,8
BGC0002692,9
BGC0002693,31
BGC0002694,12
BGC0002695,10
BGC0002696,11
BGC0002697,18
BGC0002698,8
BGC0002699,6
BGC0002700,4
BGC0002701,11
BGC0002702,22
BGC0002703,9
BGC0002704,8
BGC0002706,3
BGC0002707,5
BGC0002708,1
BGC0002709,11
BGC0002710,8
BGC0002711,7
BGC0002712,23
BGC0002713,42
BGC0002715,41
BGC0002716,37
BGC0002718,17
BGC0002719,9
BGC0002721,4
BGC0002722,22
BGC0002723,2
BGC0002724,4
BGC0002725,2
BGC0002726,20
BGC0002729,10
BGC0002731,13
BGC0002732,37
BGC0002733,13
BGC0002734,7
BGC0002735,20
BGC0002736,2
BGC0002745,10
BGC0002746,17
BGC0002747,11
BGC0002749,4
